product_name,country_name,city_name,is_available,is_town_or_village_or_city,is_dungeon,is_architecture,is_others,memo
幻水I,赤月帝国,アールス地方,FALSE,FALSE,FALSE,FALSE,TRUE
幻水I,赤月帝国,アールスの地,FALSE,FALSE,FALSE,FALSE,TRUE
幻水I,赤月帝国,赤月帝国,FALSE,FALSE,FALSE,FALSE,TRUE
幻水I,赤月帝国,アンテイ,TRUE,TRUE,FALSE,FALSE,FALSE,（ビィル・ブランシェ）
幻水I,赤月帝国,エルフの村,TRUE,TRUE,FALSE,FALSE,FALSE
幻水I,赤月帝国,カク,TRUE,TRUE,FALSE,FALSE,FALSE
幻水I,？,隠された紋章の村,TRUE,TRUE,FALSE,FALSE,FALSE,国は不明
幻水I,赤月帝国,過去の洞窟,FALSE,FALSE,TRUE,FALSE,FALSE
幻水I,赤月帝国,カレッカ,TRUE,TRUE,FALSE,FALSE,FALSE
幻水I,赤月帝国,キーロフ,TRUE,TRUE,FALSE,FALSE,FALSE
幻水I,赤月帝国,空中庭園,FALSE,FALSE,FALSE,FALSE,TRUE
幻水I,赤月帝国,グレッグミンスター,TRUE,TRUE,FALSE,FALSE,FALSE
幻水I,赤月帝国,クロン寺,TRUE,TRUE,FALSE,FALSE,TRUE,町？→ゲームで行ける場所で人も住んでるのであり？
幻水I,赤月帝国,コウアン,TRUE,TRUE,FALSE,FALSE,FALSE
幻水I,赤月帝国,ゴウラン地方,FALSE,FALSE,FALSE,FALSE,TRUE
幻水I,赤月帝国,コボルトの村,TRUE,TRUE,FALSE,FALSE,FALSE,コボルト村　ゲーム中の表記はだいしんりん
幻水I,赤月帝国,虎狼山,FALSE,FALSE,TRUE,FALSE,FALSE
幻水I,赤月帝国,サラディ,TRUE,TRUE,FALSE,FALSE,FALSE
幻水I,赤月帝国,シークの谷,FALSE,FALSE,TRUE,FALSE,FALSE
幻水I,赤月帝国,セイカ,TRUE,TRUE,FALSE,FALSE,FALSE
幻水I,赤月帝国,清風山,FALSE,FALSE,TRUE,FALSE,FALSE
幻水I,赤月帝国,セナン地方,FALSE,FALSE,FALSE,FALSE,TRUE
幻水I,赤月帝国,戦士の村,TRUE,TRUE,FALSE,FALSE,FALSE
幻水I,赤月帝国,大森林,FALSE,FALSE,FALSE,FALSE,TRUE
幻水I,赤月帝国,大森林の村,TRUE,TRUE,FALSE,FALSE,FALSE,ゲーム中の表記はだいしんりん　だが大森林の村でok
幻水I,赤月帝国,ダナ地方,FALSE,FALSE,FALSE,FALSE,TRUE
幻水I,赤月帝国,テイエン,TRUE,TRUE,FALSE,FALSE,FALSE,（ラック・ビィルジニテ）
幻水I,"",デュナン湖,FALSE,FALSE,FALSE,FALSE,TRUE
幻水I,"",デュナンの急流,FALSE,FALSE,FALSE,FALSE,TRUE
幻水I,"",トラン共和国,FALSE,FALSE,FALSE,FALSE,TRUE
幻水I,"",トラン湖,FALSE,FALSE,FALSE,FALSE,TRUE
幻水I,赤月帝国,ドワーフの村,TRUE,TRUE,FALSE,FALSE,FALSE
幻水I,赤月帝国,バナー鉱山,FALSE,FALSE,FALSE,FALSE,TRUE,記憶にないがダンジョンではなさそう
幻水I,"",ハルモニア神聖国,FALSE,FALSE,FALSE,FALSE,TRUE
幻水I,赤月帝国,魔術師の島,TRUE,TRUE,FALSE,FALSE,FALSE
幻水I,赤月帝国,迷いの森,FALSE,FALSE,TRUE,FALSE,FALSE,ダンジョン
幻水I,赤月帝国,リコン,TRUE,TRUE,FALSE,FALSE,FALSE,（プルミエ・ラムール）
幻水I,"",ルパンダ,FALSE,FALSE,FALSE,FALSE,TRUE,グレッグミンスターの改名前
幻水I,赤月帝国,レナンカンプ,TRUE,TRUE,FALSE,FALSE,FALSE
幻水I,赤月帝国,ロッカクの里,TRUE,TRUE,FALSE,FALSE,TRUE,ゲーム中では行けない。カスミの台詞では「ロッカクの村」と出てくる　が、投票先に入れていい気はする→ok
幻水I,赤月帝国,ロックランド,TRUE,TRUE,FALSE,FALSE,FALSE
幻水I,"",赤月亭,FALSE,FALSE,FALSE,TRUE,TRUE,グレッグミンスターの宿屋
幻水I,"",ガランの城塞,FALSE,FALSE,FALSE,TRUE,TRUE
幻水I,"",北の関所,FALSE,FALSE,FALSE,TRUE,TRUE
幻水I,"",グレッグミンスター城,FALSE,FALSE,FALSE,TRUE,TRUE
幻水I,"",クワバの城塞,FALSE,FALSE,FALSE,TRUE,TRUE
幻水I,"",けやき亭,FALSE,FALSE,FALSE,TRUE,TRUE,レナンカンプの宿屋
幻水I,"",湖賊の砦,TRUE,TRUE,FALSE,TRUE,TRUE,マップ上には存在する　居るのは湖賊のみなので街にしなくてもいい？
幻水I,"",水上砦シャサラザード,FALSE,FALSE,FALSE,TRUE,FALSE,ダンジョン寄り？
幻水I,"",スカーレティシア城,TRUE,FALSE,TRUE,TRUE,FALSE,ダンジョンだけど入れる
幻水I,"",ソニエール監獄,FALSE,FALSE,TRUE,TRUE,FALSE
幻水I,"",トラン湖の城,FALSE,FALSE,FALSE,TRUE,FALSE,本拠地
幻水I,"",ドワーフの大金庫,FALSE,FALSE,TRUE,TRUE,FALSE
幻水I,"",ネクロードの城,TRUE,FALSE,TRUE,TRUE,FALSE,ダンジョンだけど入れる
幻水I,"",パンヌ・ヤクタ城,TRUE,FALSE,TRUE,TRUE,FALSE,戦争イベント　ダンジョン
幻水I,"",秘密工場,TRUE,TRUE,FALSE,TRUE,TRUE,マップ上にはある
幻水I,"",モラビア城,TRUE,FALSE,TRUE,TRUE,FALSE,戦争イベントのみ？
幻水I,"",リュウカンの庵,TRUE,TRUE,FALSE,TRUE,FALSE
幻水I,"",竜騎士の砦,TRUE,TRUE,FALSE,TRUE,FALSE,竜洞騎士団の本拠地
幻水I,"",竜洞,FALSE,FALSE,TRUE,TRUE,FALSE,クナン地方～竜洞騎士団をつなぐ洞窟
幻水I,"",レパント邸,FALSE,FALSE,FALSE,TRUE,FALSE,コウアンの屋敷
幻水I,"",ロリマーの城塞,FALSE,FALSE,FALSE,TRUE,FALSE,関所
幻水I,"",本拠地,TRUE,TRUE,FALSE,FALSE,FALSE,トラン湖の城
幻水II,"",蒼き月の村,TRUE,TRUE,FALSE,FALSE,FALSE,ゲーム内では出ていない。滅んでいる。
幻水II,"",赤月帝国,FALSE,FALSE,FALSE,FALSE,TRUE,国名
幻水II,ジョウストン都市同盟,燕北の峠,FALSE,FALSE,TRUE,FALSE,FALSE
幻水II,ジョウストン都市同盟,街道の村,TRUE,TRUE,FALSE,FALSE,FALSE
幻水II,"",風の洞窟,FALSE,FALSE,TRUE,FALSE,FALSE
幻水II,カナカン,カナカン,FALSE,FALSE,FALSE,FALSE,TRUE,ゲーム内では国名だけ出ている
幻水II,ハイランド王国,キャロの街,TRUE,TRUE,FALSE,FALSE,FALSE
幻水II,ジョウストン都市同盟,クスクスの街,TRUE,TRUE,FALSE,FALSE,FALSE
幻水II,"",グラスランド,FALSE,FALSE,FALSE,FALSE,TRUE,IIでは地名だけ出ている
幻水II,ジョウストン都市同盟,グリンヒル市,TRUE,TRUE,FALSE,FALSE,FALSE
幻水II,"",グリンヒルの森,FALSE,FALSE,TRUE,FALSE,FALSE
幻水II,トラン共和国,グレッグミンスター,TRUE,TRUE,FALSE,FALSE,FALSE
幻水II,ジョウストン都市同盟,クロムの村,TRUE,TRUE,FALSE,FALSE,FALSE
幻水II,"",群島諸国,FALSE,FALSE,FALSE,FALSE,TRUE,IIでは地名だけ出ている
幻水II,ハイランド王国,皇都ルルノイエ,TRUE,TRUE,TRUE,FALSE,FALSE
幻水II,ジョウストン都市同盟,虎口の村,TRUE,TRUE,FALSE,FALSE,FALSE,ここうのむら
幻水II,ジョウストン都市同盟,コボルト村,TRUE,TRUE,FALSE,FALSE,FALSE
幻水II,"",コボルト村の森,FALSE,FALSE,TRUE,FALSE,FALSE
幻水II,ジョウストン都市同盟,コロネの村,TRUE,TRUE,FALSE,FALSE,FALSE
幻水II,ジョウストン都市同盟,サウスウィンドゥ市,TRUE,TRUE,FALSE,FALSE,FALSE
幻水II,ハイランド王国,サジャの村,TRUE,TRUE,FALSE,FALSE,FALSE
幻水II,"",ジョウストンの丘,FALSE,FALSE,FALSE,FALSE,TRUE,街の一部？
幻水II,"",シンダル遺跡,FALSE,FALSE,TRUE,FALSE,FALSE
幻水II,"",ゼクセン連邦,FALSE,FALSE,FALSE,FALSE,TRUE,IIでは地名だけ出ている
幻水II,"",翼と鱗の世界,FALSE,FALSE,FALSE,FALSE,TRUE,ドラゴンたちの本来住む世界
幻水II,"",ティント坑道,FALSE,FALSE,TRUE,FALSE,FALSE
幻水II,ジョウストン都市同盟,ティント市,TRUE,TRUE,FALSE,FALSE,FALSE
幻水II,"",デュナン共和国,FALSE,FALSE,FALSE,FALSE,TRUE,END後の国名
幻水II,"",デュナン君主国,FALSE,FALSE,FALSE,FALSE,TRUE,END後の国名
幻水II,"",デュナン湖,FALSE,FALSE,FALSE,FALSE,TRUE,地名
幻水II,"",天山の峠,FALSE,FALSE,TRUE,FALSE,FALSE
幻水II,ジョウストン都市同盟,トゥーリバー市,TRUE,TRUE,FALSE,FALSE,FALSE
幻水II,"",トゥーリバーの地下水路,FALSE,FALSE,TRUE,FALSE,FALSE
幻水II,ジョウストン都市同盟,トトの村,TRUE,TRUE,FALSE,FALSE,FALSE
幻水II,"",トラン共和国,FALSE,FALSE,FALSE,FALSE,TRUE,Iの国名
幻水II,"",トランへの山道,FALSE,FALSE,TRUE,FALSE,FALSE
幻水II,ジョウストン都市同盟,ノースウィンドウ,TRUE,TRUE,FALSE,FALSE,FALSE
幻水II,"",ハイランド王国,FALSE,FALSE,FALSE,FALSE,TRUE,国名
幻水II,"",ハイランド駐屯地,FALSE,FALSE,TRUE,FALSE,FALSE,どちらかといえばダンジョン
幻水II,ジョウストン都市同盟,バナーの村,TRUE,TRUE,FALSE,FALSE,FALSE
幻水II,"",ハルモニア神聖国,FALSE,FALSE,FALSE,FALSE,TRUE,国名
幻水II,"",ファレナ女王国,FALSE,FALSE,FALSE,FALSE,TRUE,国名
幻水II,"",封印のほこら,FALSE,FALSE,TRUE,FALSE,FALSE
幻水II,"",深き森,FALSE,FALSE,TRUE,FALSE,FALSE
幻水II,ジョウストン都市同盟,ミューズ市,TRUE,TRUE,FALSE,FALSE,FALSE
幻水II,"",無名諸国,FALSE,FALSE,FALSE,FALSE,TRUE,地名
幻水II,"",森の抜け道,FALSE,FALSE,TRUE,FALSE,FALSE
幻水II,ジョウストン都市同盟,森の村,TRUE,TRUE,FALSE,FALSE,FALSE
幻水II,"",約束の地,FALSE,FALSE,TRUE,FALSE,FALSE
幻水II,"",洛帝山,FALSE,FALSE,TRUE,FALSE,FALSE
幻水II,ジョウストン都市同盟,ラダトの街,TRUE,TRUE,FALSE,FALSE,FALSE
幻水II,ジョウストン都市同盟,竜口の村,TRUE,TRUE,FALSE,FALSE,FALSE
幻水II,ジョウストン都市同盟,リューベの村,TRUE,TRUE,FALSE,FALSE,FALSE
幻水II,"",リューベの村の山道,FALSE,FALSE,TRUE,FALSE,FALSE
幻水II,ジョウストン都市同盟,レイクウェストの街,TRUE,TRUE,FALSE,FALSE,FALSE
幻水II,トラン共和国,ロッカクの里,TRUE,TRUE,FALSE,FALSE,FALSE
幻水II,ジョウストン都市同盟,ロックアックス,TRUE,TRUE,TRUE,FALSE,FALSE,一部ダンジョン扱い？
幻水II,"",グレッグミンスター城,FALSE,FALSE,FALSE,TRUE,FALSE,建築
幻水II,"",サウスウィンドゥ市庁舎,FALSE,FALSE,FALSE,TRUE,FALSE,建築
幻水II,"",ティント教会,FALSE,FALSE,FALSE,TRUE,FALSE,建築　ネクロード戦の場所
幻水II,"",ノースウィンドゥの城,FALSE,FALSE,FALSE,TRUE,FALSE,建築
幻水II,ジョウストン都市同盟,白鹿亭,TRUE,TRUE,FALSE,TRUE,TRUE,建築　マップ上にあり
幻水II,"",ミューズ市庁舎,FALSE,FALSE,FALSE,TRUE,FALSE,建築
幻水II,"",傭兵隊の砦,FALSE,FALSE,FALSE,TRUE,FALSE,建築
幻水II,"",ルルノイエ城,FALSE,FALSE,FALSE,TRUE,FALSE,建築
幻水II,"",本拠地,TRUE,TRUE,FALSE,TRUE,FALSE,建築
外伝,"",蒼き月の村,TRUE,TRUE,FALSE,FALSE,FALSE,ゲーム内では出ていない。滅んでいる。
外伝,"",カレリア,FALSE,FALSE,FALSE,FALSE,TRUE,ゲーム内では国名だけ出ている
外伝,"",グラスランド,FALSE,FALSE,FALSE,FALSE,TRUE,地名
外伝,ハルモニア神聖国,クリスタルバレー,TRUE,TRUE,FALSE,FALSE,FALSE,ゲーム内では街名だけ出ている
外伝,ジョウストン都市同盟,グリンヒル市,FALSE,TRUE,FALSE,FALSE,FALSE
外伝,"",サナディア,TRUE,TRUE,FALSE,FALSE,TRUE,ゲーム内では出ていない。滅んでいる国。
外伝,"",ジョウストン都市同盟,FALSE,FALSE,FALSE,FALSE,TRUE,地名
外伝,"",ハイランド王国,FALSE,FALSE,FALSE,FALSE,TRUE,国名
外伝,"",ハイランド駐屯地,FALSE,FALSE,FALSE,FALSE,TRUE
外伝,"",ハルモニア神聖国,FALSE,FALSE,FALSE,FALSE,TRUE,国名
外伝,ハルモニア神聖国,マリードの村,TRUE,TRUE,FALSE,FALSE,FALSE
外伝,ジョウストン都市同盟,ミューズ市,FALSE,TRUE,FALSE,FALSE,FALSE
外伝,グラスランド,ミリトの村,TRUE,TRUE,FALSE,FALSE,FALSE
幻水III,"",赤月帝国,FALSE,FALSE,FALSE,FALSE,TRUE,国名
幻水III,"",アムル平原,FALSE,FALSE,TRUE,FALSE,FALSE
幻水III,"",アムル平原・北,FALSE,FALSE,TRUE,FALSE,FALSE
幻水III,グラスランド,アルマ・キナンの村,TRUE,TRUE,FALSE,FALSE,FALSE
幻水III,ゼクセン連邦,イクセの村,TRUE,TRUE,FALSE,FALSE,FALSE
幻水III,グラスランド,カラヤの村,TRUE,TRUE,FALSE,FALSE,FALSE
幻水III,ハルモニア神聖国,カレリア,TRUE,TRUE,FALSE,FALSE,FALSE
幻水III,"",儀式の地,FALSE,FALSE,TRUE,FALSE,FALSE
幻水III,"",北の洞窟,FALSE,FALSE,TRUE,FALSE,FALSE
幻水III,"",クプトの森,FALSE,FALSE,TRUE,FALSE,FALSE
幻水III,"",グラスランド,FALSE,FALSE,FALSE,FALSE,TRUE,地方の名前
幻水III,ハルモニア神聖国,クリスタルバレー,TRUE,TRUE,FALSE,FALSE,FALSE
幻水III,"",高速路,FALSE,FALSE,TRUE,FALSE,FALSE
幻水III,"",サナディ,TRUE,TRUE,FALSE,FALSE,TRUE,行けない。クイーンの故郷の国で、ハルモニアに併合された
幻水III,"",山道,FALSE,FALSE,TRUE,FALSE,FALSE
幻水III,"",シンダルの遺跡,FALSE,FALSE,TRUE,FALSE,FALSE
幻水III,"",石板の地,FALSE,FALSE,TRUE,FALSE,FALSE
幻水III,"",ゼクセンの森,FALSE,FALSE,TRUE,FALSE,FALSE
幻水III,"",ゼクセン連邦,FALSE,FALSE,FALSE,FALSE,TRUE,国名
幻水III,"",セナイ山,FALSE,FALSE,TRUE,FALSE,FALSE
幻水III,グラスランド,大空洞,TRUE,TRUE,FALSE,FALSE,FALSE
幻水III,グラスランド,ダックの村,TRUE,TRUE,FALSE,FALSE,FALSE
幻水III,グラスランド,チシャの村,TRUE,TRUE,FALSE,FALSE,FALSE
幻水III,"",ティント共和国,FALSE,FALSE,FALSE,FALSE,TRUE,国名
幻水III,"",デュナン共和国,FALSE,FALSE,FALSE,FALSE,TRUE,国名
幻水III,"",トラン共和国,FALSE,FALSE,FALSE,FALSE,TRUE,国名
幻水III,"",ハイランド王国,FALSE,FALSE,FALSE,FALSE,TRUE,国名
幻水III,"",ハルモニア神聖国,FALSE,FALSE,FALSE,FALSE,TRUE,国名
幻水III,ゼクセン連邦,ビネ・デル・ゼクセ,TRUE,TRUE,FALSE,FALSE,FALSE
幻水III,"",平頭山,FALSE,FALSE,TRUE,FALSE,FALSE
幻水III,"",炎の英雄の待つ地,FALSE,FALSE,TRUE,FALSE,TRUE,ダンジョンのエリアと居住区とあるけど町ではない…
幻水III,"",無名諸国,FALSE,FALSE,FALSE,FALSE,TRUE,国名
幻水III,"",ヤザ平原,FALSE,FALSE,TRUE,FALSE,FALSE
幻水III,ハルモニア神聖国,ルビーク,TRUE,TRUE,FALSE,FALSE,FALSE
幻水III,ハルモニア神聖国,円の宮殿,FALSE,FALSE,FALSE,TRUE,TRUE,建築　一応町扱い……？キャラを動かすことはできないがシーンは存在する
幻水III,"",セイガル門,FALSE,FALSE,FALSE,TRUE,FALSE,建築　ビネ・デル・ゼクセの城門
幻水III,ハルモニア神聖国,ひとつの神殿,FALSE,FALSE,FALSE,TRUE,TRUE,建築　
幻水III,"",秘密基地,FALSE,FALSE,FALSE,TRUE,TRUE,建築　ビネ・デル・ゼクセ街中の子供達の基地
幻水III,"",評議会,FALSE,FALSE,FALSE,TRUE,TRUE,建築
幻水III,ゼクセン連邦,ブラス城,TRUE,TRUE,FALSE,TRUE,FALSE,建築　ゼクセン騎士団の本拠地　町にする？
幻水III,"",ブラス城の抜け道,FALSE,FALSE,FALSE,TRUE,TRUE,建築　
幻水III,"",虫使いの祭壇,FALSE,FALSE,FALSE,TRUE,TRUE,建築　
幻水III,"",ビュッデヒュッケ城,TRUE,TRUE,FALSE,TRUE,FALSE,本拠地　と重複  -> 「（本拠地）」をつけようとしたが蛇足なのでそのままで
幻水III,"",本拠地,FALSE,TRUE,FALSE,FALSE,FALSE,ビュッデヒュッケ城　と重複 -> ビュッデヒュッケ城 に寄せる
幻水IV,"",赤月帝国,FALSE,FALSE,FALSE,FALSE,TRUE,国名
幻水IV,群島諸国,庵の小島,TRUE,TRUE,FALSE,FALSE,FALSE,敵も出る
幻水IV,"",石切りが原,FALSE,FALSE,TRUE,FALSE,FALSE
幻水IV,群島諸国,イルヤ島,TRUE,TRUE,FALSE,FALSE,FALSE,破壊された街　モンスターは出る
幻水IV,群島諸国,エルフの集落,FALSE,FALSE,FALSE,FALSE,TRUE,"ゲーム内ではちゃんとした集落が出ていない
→ナ・ナル島の奥にあるらしい"
幻水IV,"",エルフの大樹,FALSE,FALSE,FALSE,FALSE,TRUE,敵は出ないが集落でもない
幻水IV,"",オベル王国,TRUE,TRUE,FALSE,FALSE,FALSE,国名　ゲーム的には街と同じ
幻水IV,"",ガイエン公国,FALSE,FALSE,FALSE,FALSE,TRUE,国名
幻水IV,群島諸国,海賊島,TRUE,TRUE,FALSE,FALSE,FALSE
幻水IV,"",クールーク皇国,FALSE,FALSE,FALSE,FALSE,TRUE,国名
幻水IV,"",群島諸国,FALSE,FALSE,FALSE,FALSE,TRUE,地名
幻水IV,"",山塊の島,FALSE,FALSE,FALSE,FALSE,TRUE,無人島
幻水IV,"",石灰棚の島,FALSE,FALSE,FALSE,FALSE,TRUE,無人島
幻水IV,"",ドーナッツ島,FALSE,FALSE,FALSE,FALSE,TRUE,無人島
幻水IV,"",トラン地方,FALSE,FALSE,FALSE,FALSE,TRUE,地名
幻水IV,群島諸国,ナ・ナル島,TRUE,TRUE,TRUE,FALSE,FALSE,一部がダンジョン
幻水IV,群島諸国,ネイ島,TRUE,TRUE,TRUE,FALSE,FALSE,一部がダンジョン
幻水IV,群島諸国,ネコボルトの集落,FALSE,FALSE,FALSE,FALSE,TRUE,ネイ島の一部
幻水IV,群島諸国,ミドルポート,TRUE,TRUE,FALSE,FALSE,FALSE
幻水IV,"",無人島,TRUE,TRUE,TRUE,FALSE,FALSE,"無人島ENDがあるので特別に街扱いでいい気もする
→ok"
幻水IV,"",モルド島,TRUE,TRUE,FALSE,FALSE,TRUE,交易所はあるが集落はない？　→街でok
幻水IV,ガイエン公国,ラズリル,TRUE,TRUE,FALSE,FALSE,FALSE
幻水IV,"",エルイール要塞,TRUE,FALSE,TRUE,TRUE,FALSE,"建築　敵の街はここしかない
ラプソのエルイール要塞跡（エルイール要塞）と同じ票で集計"
幻水IV,"",オベル遺跡,FALSE,FALSE,TRUE,TRUE,FALSE,建築　
幻水IV,"",オベル王宮,FALSE,FALSE,FALSE,TRUE,TRUE,建築　オベルの一部
幻水IV,"",ガイエン海上騎士団の館,FALSE,FALSE,FALSE,TRUE,TRUE,建築　ラズリルの一部
幻水IV,"",霧の船,FALSE,FALSE,TRUE,FALSE,TRUE,ダンジョン？　極の分類は「船」
幻水IV,"",城主の館,FALSE,FALSE,FALSE,TRUE,TRUE,建築　ラズリルの一部
幻水IV,"",本拠地,TRUE,TRUE,FALSE,FALSE,FALSE,建築　船
ラプソディア,"",赤月帝国,FALSE,FALSE,FALSE,FALSE,TRUE,国名
ラプソディア,群島諸国,庵の小島,TRUE,TRUE,FALSE,FALSE,FALSE
ラプソディア,群島諸国,イルヤ島,TRUE,TRUE,TRUE,FALSE,FALSE
ラプソディア,クールーク皇国,運河の町メルセト,TRUE,TRUE,FALSE,FALSE,FALSE
ラプソディア,クールーク皇国,エルイール要塞跡（エルイール要塞）,TRUE,TRUE,TRUE,FALSE,FALSE,4のエルイール要塞と同じ票で集計
ラプソディア,群島諸国,オベル王国,TRUE,TRUE,FALSE,FALSE,TRUE
ラプソディア,"",ガイエン公国,FALSE,FALSE,FALSE,FALSE,TRUE
ラプソディア,群島諸国,海賊島,TRUE,TRUE,FALSE,FALSE,FALSE
ラプソディア,"",クールーク皇国,FALSE,FALSE,FALSE,FALSE,TRUE,国名
ラプソディア,"",群島諸国,FALSE,FALSE,FALSE,FALSE,TRUE,国名
ラプソディア,クールーク皇国,皇都グラスカ,TRUE,TRUE,TRUE,FALSE,FALSE,クールーク皇国の首都
ラプソディア,"",国境の小さな村,TRUE,TRUE,FALSE,FALSE,FALSE
ラプソディア,"",ザスタ草原,FALSE,FALSE,TRUE,FALSE,FALSE
ラプソディア,"",テラナー平原,FALSE,FALSE,TRUE,FALSE,FALSE
ラプソディア,"",トラン地方,FALSE,FALSE,FALSE,FALSE,TRUE,地名
ラプソディア,群島諸国,ナ・ナル島,TRUE,TRUE,FALSE,FALSE,FALSE
ラプソディア,群島諸国,ネイ島,TRUE,TRUE,FALSE,FALSE,FALSE
ラプソディア,クールーク皇国,辺境の町ハルナ,TRUE,TRUE,FALSE,FALSE,FALSE
ラプソディア,クールーク皇国,ミドーの浅瀬,FALSE,FALSE,TRUE,FALSE,FALSE
ラプソディア,群島諸国,ミドルポート,TRUE,TRUE,FALSE,FALSE,FALSE
ラプソディア,"",無人島,TRUE,TRUE,FALSE,FALSE,FALSE,4に合わせる
ラプソディア,"",ラズリル,TRUE,TRUE,FALSE,FALSE,FALSE
ラプソディア,"",オベル遺跡,FALSE,FALSE,FALSE,TRUE,FALSE,建築
ラプソディア,"",オベル王宮,FALSE,FALSE,FALSE,TRUE,FALSE,建築
ラプソディア,"",カレルロン研究所,FALSE,FALSE,FALSE,TRUE,FALSE,建築
ラプソディア,"",グラスカ宮殿,FALSE,FALSE,FALSE,TRUE,FALSE,建築
ラプソディア,"",コランバルの廃墟,FALSE,FALSE,FALSE,TRUE,FALSE,建築
ラプソディア,"",長老派秘密施設,FALSE,FALSE,FALSE,TRUE,FALSE,建築
幻水V,"",アーメス新王国,TRUE,TRUE,FALSE,FALSE,TRUE,国名　他と被る選択肢ではないので入れてok
幻水V,"",赤月帝国,FALSE,FALSE,FALSE,FALSE,TRUE,国名
幻水V,？,アルセイド,TRUE,TRUE,FALSE,FALSE,TRUE,"エルフの里。地名としては出ているがゲーム内では詳細不明
→他と被る選択肢ではないので入れてok"
幻水V,ファレナ女王国,エストライズ,TRUE,TRUE,FALSE,FALSE,FALSE
幻水V,"",古代アーメス王朝,FALSE,FALSE,FALSE,FALSE,TRUE,亡国の王朝
幻水V,ファレナ女王国,ゴルディアス,TRUE,TRUE,FALSE,FALSE,FALSE,集落
幻水V,ファレナ女王国,サウロニクス城,TRUE,TRUE,FALSE,FALSE,FALSE,竜馬騎兵団の本拠地
幻水V,"",始祖の地,FALSE,FALSE,TRUE,FALSE,FALSE
幻水V,ファレナ女王国,ストームフィスト,TRUE,TRUE,TRUE,FALSE,FALSE,街でもあるがダンジョンでもある →街でok
幻水V,ファレナ女王国,スピナクス港,TRUE,TRUE,FALSE,FALSE,FALSE
幻水V,"",ゼアラント王国,TRUE,TRUE,FALSE,FALSE,TRUE,国名　他と被る選択肢ではないので入れてok
幻水V,ファレナ女王国,セーブル,TRUE,TRUE,FALSE,FALSE,FALSE
幻水V,ファレナ女王国,ソルファレナ,TRUE,TRUE,FALSE,FALSE,FALSE
幻水V,"",ドラート,TRUE,TRUE,FALSE,FALSE,FALSE,極は「ドラート要塞」攻略本、ビッキーのテレポートは「ドラート」
幻水V,ファレナ女王国,ドワーフキャンプ,TRUE,TRUE,FALSE,FALSE,FALSE
幻水V,"",ナガール教主国,TRUE,TRUE,FALSE,FALSE,TRUE,国名　他と被る選択肢ではないので入れてok
幻水V,"",ニルバ島,TRUE,TRUE,FALSE,FALSE,FALSE,独立貿易都市なので国名なし
幻水V,ファレナ女王国,ハーシュビル軍港,TRUE,TRUE,FALSE,FALSE,FALSE
幻水V,ファレナ女王国,ハウド村,TRUE,TRUE,FALSE,FALSE,FALSE
幻水V,"",バスカ鉱山,FALSE,FALSE,TRUE,FALSE,FALSE
幻水V,"",ハルモニア神聖国,FALSE,FALSE,FALSE,FALSE,TRUE,国名
幻水V,ファレナ女王国,ビーバーロッジ,TRUE,TRUE,FALSE,FALSE,FALSE,集落
幻水V,"",ファレナ女王国,FALSE,FALSE,FALSE,FALSE,TRUE,国名
幻水V,"",フェイタス河,FALSE,FALSE,FALSE,FALSE,TRUE,地名
幻水V,"",深き薄明の森,FALSE,FALSE,TRUE,FALSE,FALSE
幻水V,"",船の墓場,FALSE,FALSE,TRUE,FALSE,FALSE
幻水V,ファレナ女王国,ヤシュナ村,TRUE,TRUE,FALSE,FALSE,FALSE
幻水V,ファレナ女王国,ラフトフリート,TRUE,TRUE,FALSE,FALSE,FALSE
幻水V,"",乱稜山,FALSE,FALSE,TRUE,FALSE,FALSE
幻水V,ファレナ女王国,ルナス,TRUE,TRUE,FALSE,FALSE,FALSE,村
幻水V,ファレナ女王国,レインウォール,TRUE,TRUE,FALSE,FALSE,FALSE
幻水V,ファレナ女王国,レルカー,TRUE,TRUE,FALSE,FALSE,FALSE
幻水V,ファレナ女王国,ロードレイク,TRUE,TRUE,FALSE,FALSE,FALSE
幻水V,ファレナ女王国,アゲイト監獄,FALSE,FALSE,TRUE,TRUE,FALSE,建築　人も住んでいるがゲームとしてはダンジョン
幻水V,"",回転橋,FALSE,FALSE,TRUE,TRUE,FALSE,建築　人も住んでいるがゲームとしてはダンジョン
幻水V,"",古代遺跡,FALSE,FALSE,TRUE,TRUE,FALSE,建築　人も住んでいるがゲームとしてはダンジョン
幻水V,"",セラス湖の遺跡,FALSE,FALSE,TRUE,TRUE,FALSE,建築　人も住んでいるがゲームとしてはダンジョン
幻水V,ファレナ女王国,太陽宮,FALSE,FALSE,FALSE,TRUE,FALSE,建築　ソルファレナに含みでいいような？→ok
幻水V,ファレナ女王国,闘技場,FALSE,FALSE,FALSE,TRUE,FALSE,建築　ストームフィスト内の施設　ストームフィストにまとめていい？→ok
幻水V,"",ドラート要塞,FALSE,FALSE,TRUE,TRUE,FALSE,建築　住人が居て攻略後はCPUと会話もできるので街に入れてもいい？ゲーム本編では「ドラート」のみの表記。太陽宮（ソルファレナ）やバロウズ邸（レインウォール）と同様に、「ドラート」として一つにまとめてもいいかもしれない　→ドラートで街でok
幻水V,ファレナ女王国,西の離宮,FALSE,FALSE,FALSE,TRUE,TRUE,建築　マップ上にはある　ダンジョンではない
幻水V,ファレナ女王国,バロウズ邸,FALSE,FALSE,FALSE,TRUE,FALSE,建築　レインウォールの町中にあるのでレインウォールに集約で良さそう？
幻水V,ファレナ女王国,東の離宮,FALSE,FALSE,FALSE,TRUE,TRUE,建築　マップ上にはある　ダンジョンではない
幻水V,"",ヘイトリッド城塞,FALSE,FALSE,FALSE,TRUE,TRUE,"建築　イベントで外観が出ただけで中には入れなかったはず…
→攻略後は水攻めによって流される。CPUの配置はなく、探索も不可能。跡地には入ることができるのみ（跡地を眺められるだけ）なので街にもダンジョンにも該当しないと思われる"
幻水V,"",竜馬の巣,FALSE,FALSE,TRUE,TRUE,FALSE,建築　
幻水V,ファレナ女王国,本拠地,TRUE,TRUE,FALSE,TRUE,FALSE,建築　
TK,アストラシア王国,アストラシア王国,FALSE,FALSE,FALSE,FALSE,TRUE,国名　首都はファラモン
TK,"",ヴェアルの荒野,FALSE,FALSE,TRUE,FALSE,FALSE
TK,ジャナム魔道帝国,エル・カーラル,TRUE,TRUE,FALSE,FALSE,FALSE,ジャナム魔道帝国の首都
TK,"",海岸の洞窟,FALSE,FALSE,TRUE,FALSE,FALSE
TK,"",北マルシナ丘陵,FALSE,FALSE,TRUE,FALSE,FALSE
TK,"",ギネの谷,FALSE,FALSE,TRUE,FALSE,FALSE
TK,"",クラグバーク,TRUE,TRUE,FALSE,FALSE,FALSE,国に属さない
TK,"",グレイリッジ,TRUE,TRUE,FALSE,FALSE,FALSE,国ではない。ひとつの道の協会の支配下
TK,"",グレイリッジ鉱山,FALSE,FALSE,TRUE,FALSE,FALSE
TK,"",ケアロヒラニ島,FALSE,FALSE,FALSE,FALSE,TRUE,ロノマクア諸島の無人島のひとつ　ドロモンが隠れ家にしていた　ロノマクア首長国があるので投票対象には入れない
TK,"",サイナス,TRUE,TRUE,FALSE,FALSE,FALSE,国ではない。ひとつの道の協会の支配下　→敵の街
TK,"",サイナスに似た街,FALSE,FALSE,FALSE,FALSE,TRUE,元々は街だけどゲーム中ではダンジョン扱い？人はいない
TK,ジャナム魔道帝国,サルサビル,TRUE,TRUE,FALSE,FALSE,FALSE
TK,"",シトロ平原,FALSE,FALSE,TRUE,FALSE,FALSE
TK,"",シトロ村,TRUE,TRUE,FALSE,FALSE,FALSE,独立村落
TK,"",ジャナム砂漠,FALSE,FALSE,TRUE,FALSE,FALSE
TK,ジャナム魔道帝国,ジャナム魔道帝国,FALSE,FALSE,FALSE,FALSE,TRUE,国名　首都はエル・カーラル
TK,"",樹海の集落,TRUE,TRUE,FALSE,FALSE,FALSE,国に属さない
TK,"",スヴァトゴル山,FALSE,FALSE,TRUE,FALSE,FALSE
TK,"",チオルイ山脈,FALSE,FALSE,TRUE,FALSE,FALSE
TK,"",テハの村,TRUE,TRUE,FALSE,FALSE,FALSE,国に属さない
TK,"",ナイネニス,TRUE,TRUE,FALSE,FALSE,FALSE,国に属さない
TK,"",ノスロウの樹海,FALSE,FALSE,TRUE,FALSE,FALSE
TK,"",東の丘,FALSE,FALSE,TRUE,FALSE,FALSE
TK,アストラシア王国,ファラモン,TRUE,TRUE,FALSE,FALSE,FALSE
TK,"",フレセリアの森,FALSE,FALSE,TRUE,FALSE,FALSE
TK,"",北辰皇国,TRUE,FALSE,FALSE,FALSE,TRUE,国名だけどゲーム中に他に街が出てこない　→投票対象でok
TK,"",マルシナ平原,FALSE,FALSE,TRUE,FALSE,FALSE
TK,"",ミスラト川,FALSE,FALSE,TRUE,FALSE,FALSE
TK,"",ライテルシルト連合王国,TRUE,FALSE,FALSE,FALSE,TRUE,国名だけどゲーム中に他に街が出てこない→首都名だけ出てたっけ？確認が必要　→街はなし　投票対象でok
TK,"",ラロヘンガ,FALSE,FALSE,TRUE,FALSE,FALSE
TK,"",ルギエニク,TRUE,TRUE,FALSE,FALSE,FALSE
TK,"",ロノマクア首長国,TRUE,FALSE,FALSE,FALSE,TRUE,国名だけどゲーム中に他に街が出てこない→首都名だけ出てたっけ？確認が必要　→街はなし　投票対象でok
TK,"",一なる王の像,FALSE,FALSE,TRUE,TRUE,FALSE
TK,"",しるべの塔,FALSE,FALSE,TRUE,TRUE,FALSE,ひとつの道の協会本部
TK,"",謎の遺跡,FALSE,FALSE,TRUE,TRUE,FALSE,複数ある
TK,"",フォートアーク,FALSE,FALSE,TRUE,TRUE,FALSE,"追加しました。町ではなく、途中までダンジョン扱いだが終盤はエンカウント無し
砦？→ダンジョンでok"
TK,"",森の遺跡,FALSE,FALSE,FALSE,TRUE,FALSE
TK,"",ラザの砦,FALSE,FALSE,TRUE,TRUE,FALSE,"追加しました。町ではなく、戦闘も発生するがダンジョンではないかと・・・
どちらかというとダンジョン →通過するだけの場所なのでok"
TK,"",本拠地,TRUE,TRUE,FALSE,FALSE,FALSE,国に属さない
紡時,アイオニア聖皇国,アクリテス,TRUE,TRUE,FALSE,FALSE,FALSE
紡時,"",オロスク村,TRUE,TRUE,FALSE,FALSE,FALSE
紡時,"",グーグレウォン,TRUE,TRUE,FALSE,FALSE,FALSE
紡時,"",シュラート,TRUE,TRUE,FALSE,FALSE,FALSE
紡時,アイオニア聖皇国,聖都タクシス,TRUE,TRUE,FALSE,FALSE,FALSE,敵の本拠地的な
紡時,"",ゼフテロス砦,TRUE,TRUE,TRUE,FALSE,FALSE,紡時時間軸だとダンジョン？200年前は砦で一応行くこともできる。200年前の勢力の本拠地。
紡時,"",ティオス砦,TRUE,TRUE,FALSE,FALSE,FALSE,「ディオス砦」は誤り
紡時,"",テルベの里,TRUE,TRUE,FALSE,FALSE,FALSE
紡時,"",廃都マルティリオン,TRUE,TRUE,FALSE,FALSE,FALSE,ダンジョンではないし、メインキャラの故郷だったり関連エピソードが多いので投票できたほうがよさそう
紡時,"",バヤン・オアシス,TRUE,TRUE,FALSE,FALSE,FALSE
紡時,"",フェアピーク,TRUE,TRUE,FALSE,FALSE,FALSE
紡時,"",ヒオニ村,TRUE,TRUE,FALSE,FALSE,FALSE
紡時,"",ホドス村,TRUE,TRUE,FALSE,FALSE,FALSE
紡時,"",港町ナヴァレ,TRUE,TRUE,FALSE,FALSE,FALSE
紡時,"",本拠地,TRUE,TRUE,FALSE,FALSE,FALSE,湖の砦
